-- phpMyAdmin SQL Dump
-- version 5.2.3
-- https://www.phpmyadmin.net/
--
-- Хост: localhost
-- Время создания: Апр 22 2026 г., 09:11
-- Версия сервера: 8.0.45
-- Версия PHP: 8.2.30

SET SQL_MODE = "NO_AUTO_VALUE_ON_ZERO";
START TRANSACTION;
SET time_zone = "+00:00";


/*!40101 SET @OLD_CHARACTER_SET_CLIENT=@@CHARACTER_SET_CLIENT */;
/*!40101 SET @OLD_CHARACTER_SET_RESULTS=@@CHARACTER_SET_RESULTS */;
/*!40101 SET @OLD_COLLATION_CONNECTION=@@COLLATION_CONNECTION */;
/*!40101 SET NAMES utf8mb4 */;

--
-- База данных: `consent_os`
--

-- --------------------------------------------------------

--
-- Структура таблицы `access_logs`
--

CREATE TABLE `access_logs` (
  `id` int NOT NULL,
  `user_id` int DEFAULT NULL,
  `organization_name` varchar(100) COLLATE utf8mb4_general_ci DEFAULT NULL,
  `document_name` varchar(100) COLLATE utf8mb4_general_ci DEFAULT NULL,
  `access_time` timestamp NULL DEFAULT CURRENT_TIMESTAMP
) ENGINE=InnoDB DEFAULT CHARSET=utf8mb4 COLLATE=utf8mb4_general_ci;

--
-- Дамп данных таблицы `access_logs`
--

INSERT INTO `access_logs` (`id`, `user_id`, `organization_name`, `document_name`, `access_time`) VALUES
(1, 1, 'Kaspi Bank', 'Паспорт', '2026-04-21 09:44:43'),
(2, 1, 'Kaspi Bank', 'Медкарта', '2026-04-21 09:44:43'),
(3, 1, 'Kaspi Bank', 'Образование', '2026-04-21 09:44:43'),
(4, 1, 'Kaspi Bank', 'Адрес Проживание', '2026-04-21 09:44:43'),
(5, 1, 'Kaspi Bank', 'Номер телефона', '2026-04-21 09:44:43'),
(6, 1, 'eGov', 'Паспорт', '2026-04-21 09:44:43'),
(7, 1, 'eGov', 'Медкарта', '2026-04-21 09:44:43'),
(8, 1, 'eGov', 'Образование', '2026-04-21 09:44:43'),
(9, 1, 'eGov', 'Адрес Проживание', '2026-04-21 09:44:43'),
(10, 1, 'eGov', 'Номер телефона', '2026-04-21 09:44:43'),
(11, 1, 'Поликлиника №7', 'Паспорт', '2026-04-21 09:44:43'),
(12, 1, 'Поликлиника №7', 'Медкарта', '2026-04-21 09:44:43'),
(13, 1, 'Поликлиника №7', 'Образование', '2026-04-21 09:44:43'),
(14, 1, 'Поликлиника №7', 'Адрес Проживание', '2026-04-21 09:44:43'),
(15, 1, 'Поликлиника №7', 'Номер телефона', '2026-04-21 09:44:43'),
(16, 1, 'University Yessenov', 'Паспорт', '2026-04-21 09:44:43'),
(17, 1, 'University Yessenov', 'Медкарта', '2026-04-21 09:44:43'),
(18, 1, 'University Yessenov', 'Образование', '2026-04-21 09:44:43'),
(19, 1, 'University Yessenov', 'Адрес Проживание', '2026-04-21 09:44:43'),
(20, 1, 'University Yessenov', 'Номер телефона', '2026-04-21 09:44:43'),
(21, 1, 'Военкомат Актау', 'Паспорт', '2026-04-21 09:44:43'),
(22, 1, 'Военкомат Актау', 'Медкарта', '2026-04-21 09:44:43'),
(23, 1, 'Военкомат Актау', 'Образование', '2026-04-21 09:44:43'),
(24, 1, 'Военкомат Актау', 'Адрес Проживание', '2026-04-21 09:44:43'),
(25, 1, 'Военкомат Актау', 'Номер телефона', '2026-04-21 09:44:43'),
(26, 2, 'Kaspi Bank', 'Паспорт', '2026-04-21 09:44:43'),
(27, 2, 'Kaspi Bank', 'Медкарта', '2026-04-21 09:44:43'),
(28, 2, 'Kaspi Bank', 'Образование', '2026-04-21 09:44:43'),
(29, 2, 'Kaspi Bank', 'Адрес Проживание', '2026-04-21 09:44:43'),
(30, 2, 'Kaspi Bank', 'Номер телефона', '2026-04-21 09:44:43'),
(31, 2, 'eGov', 'Паспорт', '2026-04-21 09:44:43'),
(32, 2, 'eGov', 'Медкарта', '2026-04-21 09:44:43'),
(33, 2, 'eGov', 'Образование', '2026-04-21 09:44:43'),
(34, 2, 'eGov', 'Адрес Проживание', '2026-04-21 09:44:43'),
(35, 2, 'eGov', 'Номер телефона', '2026-04-21 09:44:43'),
(36, 2, 'Поликлиника №9', 'Паспорт', '2026-04-21 09:44:43'),
(37, 2, 'Поликлиника №9', 'Медкарта', '2026-04-21 09:44:43'),
(38, 2, 'Поликлиника №9', 'Образование', '2026-04-21 09:44:43'),
(39, 2, 'Поликлиника №9', 'Адрес Проживание', '2026-04-21 09:44:43'),
(40, 2, 'Поликлиника №9', 'Номер телефона', '2026-04-21 09:44:43'),
(41, 2, 'University Yessenov', 'Паспорт', '2026-04-21 09:44:43'),
(42, 2, 'University Yessenov', 'Медкарта', '2026-04-21 09:44:43'),
(43, 2, 'University Yessenov', 'Образование', '2026-04-21 09:44:43'),
(44, 2, 'University Yessenov', 'Адрес Проживание', '2026-04-21 09:44:43'),
(45, 2, 'University Yessenov', 'Номер телефона', '2026-04-21 09:44:43'),
(46, 2, 'Военкомат Жанаозен', 'Паспорт', '2026-04-21 09:44:43'),
(47, 2, 'Военкомат Жанаозен', 'Медкарта', '2026-04-21 09:44:43'),
(48, 2, 'Военкомат Жанаозен', 'Образование', '2026-04-21 09:44:43'),
(49, 2, 'Военкомат Жанаозен', 'Адрес Проживание', '2026-04-21 09:44:43'),
(50, 2, 'Военкомат Жанаозен', 'Номер телефона', '2026-04-21 09:44:43'),
(51, 3, 'Kaspi Bank', 'Паспорт', '2026-04-21 09:44:43'),
(52, 3, 'Kaspi Bank', 'Медкарта', '2026-04-21 09:44:43'),
(53, 3, 'Kaspi Bank', 'Образование', '2026-04-21 09:44:43'),
(54, 3, 'Kaspi Bank', 'Адрес Проживание', '2026-04-21 09:44:43'),
(55, 3, 'Kaspi Bank', 'Номер телефона', '2026-04-21 09:44:43'),
(56, 3, 'eGov', 'Паспорт', '2026-04-21 09:44:43'),
(57, 3, 'eGov', 'Медкарта', '2026-04-21 09:44:43'),
(58, 3, 'eGov', 'Образование', '2026-04-21 09:44:43'),
(59, 3, 'eGov', 'Адрес Проживание', '2026-04-21 09:44:43'),
(60, 3, 'eGov', 'Номер телефона', '2026-04-21 09:44:43'),
(61, 3, 'Поликлиника №11', 'Паспорт', '2026-04-21 09:44:43'),
(62, 3, 'Поликлиника №11', 'Медкарта', '2026-04-21 09:44:43'),
(63, 3, 'Поликлиника №11', 'Образование', '2026-04-21 09:44:43'),
(64, 3, 'Поликлиника №11', 'Адрес Проживание', '2026-04-21 09:44:43'),
(65, 3, 'Поликлиника №11', 'Номер телефона', '2026-04-21 09:44:43'),
(66, 3, 'University Yessenov', 'Паспорт', '2026-04-21 09:44:43'),
(67, 3, 'University Yessenov', 'Медкарта', '2026-04-21 09:44:43'),
(68, 3, 'University Yessenov', 'Образование', '2026-04-21 09:44:43'),
(69, 3, 'University Yessenov', 'Адрес Проживание', '2026-04-21 09:44:43'),
(70, 3, 'University Yessenov', 'Номер телефона', '2026-04-21 09:44:43'),
(71, 3, 'Военкомат Бейнеу', 'Паспорт', '2026-04-21 09:44:43'),
(72, 3, 'Военкомат Бейнеу', 'Медкарта', '2026-04-21 09:44:43'),
(73, 3, 'Военкомат Бейнеу', 'Образование', '2026-04-21 09:44:43'),
(74, 3, 'Военкомат Бейнеу', 'Адрес Проживание', '2026-04-21 09:44:43'),
(75, 3, 'Военкомат Бейнеу', 'Номер телефона', '2026-04-21 09:44:43'),
(76, 4, 'Kaspi Bank', 'Паспорт', '2026-04-21 09:44:43'),
(77, 4, 'Kaspi Bank', 'Медкарта', '2026-04-21 09:44:43'),
(78, 4, 'Kaspi Bank', 'Образование', '2026-04-21 09:44:43'),
(79, 4, 'Kaspi Bank', 'Адрес Проживание', '2026-04-21 09:44:43'),
(80, 4, 'Kaspi Bank', 'Номер телефона', '2026-04-21 09:44:43'),
(81, 4, 'eGov', 'Паспорт', '2026-04-21 09:44:43'),
(82, 4, 'eGov', 'Медкарта', '2026-04-21 09:44:43'),
(83, 4, 'eGov', 'Образование', '2026-04-21 09:44:43'),
(84, 4, 'eGov', 'Адрес Проживание', '2026-04-21 09:44:43'),
(85, 4, 'eGov', 'Номер телефона', '2026-04-21 09:44:43'),
(86, 4, 'Поликлиника №17', 'Паспорт', '2026-04-21 09:44:43'),
(87, 4, 'Поликлиника №17', 'Медкарта', '2026-04-21 09:44:43'),
(88, 4, 'Поликлиника №17', 'Образование', '2026-04-21 09:44:43'),
(89, 4, 'Поликлиника №17', 'Адрес Проживание', '2026-04-21 09:44:43'),
(90, 4, 'Поликлиника №17', 'Номер телефона', '2026-04-21 09:44:43'),
(91, 4, 'College JKSINT', 'Паспорт', '2026-04-21 09:44:43'),
(92, 4, 'College JKSINT', 'Медкарта', '2026-04-21 09:44:43'),
(93, 4, 'College JKSINT', 'Образование', '2026-04-21 09:44:43'),
(94, 4, 'College JKSINT', 'Адрес Проживание', '2026-04-21 09:44:43'),
(95, 4, 'College JKSINT', 'Номер телефона', '2026-04-21 09:44:43'),
(96, 4, 'Военкомат Жанаозен', 'Паспорт', '2026-04-21 09:44:43'),
(97, 4, 'Военкомат Жанаозен', 'Медкарта', '2026-04-21 09:44:43'),
(98, 4, 'Военкомат Жанаозен', 'Образование', '2026-04-21 09:44:43'),
(99, 4, 'Военкомат Жанаозен', 'Адрес Проживание', '2026-04-21 09:44:43'),
(100, 4, 'Военкомат Жанаозен', 'Номер телефона', '2026-04-21 09:44:43'),
(101, 5, 'Kaspi Bank', 'Паспорт', '2026-04-21 09:44:43'),
(102, 5, 'Kaspi Bank', 'Медкарта', '2026-04-21 09:44:43'),
(103, 5, 'Kaspi Bank', 'Образование', '2026-04-21 09:44:43'),
(104, 5, 'Kaspi Bank', 'Адрес Проживание', '2026-04-21 09:44:43'),
(105, 5, 'Kaspi Bank', 'Номер телефона', '2026-04-21 09:44:43'),
(106, 5, 'eGov', 'Паспорт', '2026-04-21 09:44:43'),
(107, 5, 'eGov', 'Медкарта', '2026-04-21 09:44:43'),
(108, 5, 'eGov', 'Образование', '2026-04-21 09:44:43'),
(109, 5, 'eGov', 'Адрес Проживание', '2026-04-21 09:44:43'),
(110, 5, 'eGov', 'Номер телефона', '2026-04-21 09:44:43'),
(111, 5, 'Поликлиника №27', 'Паспорт', '2026-04-21 09:44:43'),
(112, 5, 'Поликлиника №27', 'Медкарта', '2026-04-21 09:44:43'),
(113, 5, 'Поликлиника №27', 'Образование', '2026-04-21 09:44:43'),
(114, 5, 'Поликлиника №27', 'Адрес Проживание', '2026-04-21 09:44:43'),
(115, 5, 'Поликлиника №27', 'Номер телефона', '2026-04-21 09:44:43'),
(116, 5, 'College JKSINT', 'Паспорт', '2026-04-21 09:44:43'),
(117, 5, 'College JKSINT', 'Медкарта', '2026-04-21 09:44:43'),
(118, 5, 'College JKSINT', 'Образование', '2026-04-21 09:44:43'),
(119, 5, 'College JKSINT', 'Адрес Проживание', '2026-04-21 09:44:43'),
(120, 5, 'College JKSINT', 'Номер телефона', '2026-04-21 09:44:43'),
(121, 5, 'Военкомат Жанаозен', 'Паспорт', '2026-04-21 09:44:43'),
(122, 5, 'Военкомат Жанаозен', 'Медкарта', '2026-04-21 09:44:43'),
(123, 5, 'Военкомат Жанаозен', 'Образование', '2026-04-21 09:44:43'),
(124, 5, 'Военкомат Жанаозен', 'Адрес Проживание', '2026-04-21 09:44:43'),
(125, 5, 'Военкомат Жанаозен', 'Номер телефона', '2026-04-21 09:44:43'),
(126, 6, 'Kaspi Bank', 'Паспорт', '2026-04-21 10:35:35'),
(127, 6, 'Kaspi Bank', 'Медкарта', '2026-04-21 10:35:35'),
(128, 6, 'Kaspi Bank', 'Образование', '2026-04-21 10:35:35'),
(129, 6, 'Kaspi Bank', 'Адрес Проживание', '2026-04-21 10:35:35'),
(130, 6, 'Kaspi Bank', 'Номер телефона', '2026-04-21 10:35:35'),
(131, 6, 'eGov', 'Паспорт', '2026-04-21 10:35:35'),
(132, 6, 'eGov', 'Медкарта', '2026-04-21 10:35:35'),
(133, 6, 'eGov', 'Образование', '2026-04-21 10:35:35'),
(134, 6, 'eGov', 'Адрес Проживание', '2026-04-21 10:35:35'),
(135, 6, 'eGov', 'Номер телефона', '2026-04-21 10:35:35'),
(136, 6, 'Поликлиника №1', 'Паспорт', '2026-04-21 10:35:35'),
(137, 6, 'Поликлиника №1', 'Медкарта', '2026-04-21 10:35:35'),
(138, 6, 'Поликлиника №1', 'Образование', '2026-04-21 10:35:35'),
(139, 6, 'Поликлиника №1', 'Адрес Проживание', '2026-04-21 10:35:35'),
(140, 6, 'Поликлиника №1', 'Номер телефона', '2026-04-21 10:35:35'),
(141, 6, 'University Yessenov', 'Паспорт', '2026-04-21 10:35:35'),
(142, 6, 'University Yessenov', 'Медкарта', '2026-04-21 10:35:35'),
(143, 6, 'University Yessenov', 'Образование', '2026-04-21 10:35:35'),
(144, 6, 'University Yessenov', 'Адрес Проживание', '2026-04-21 10:35:35'),
(145, 6, 'University Yessenov', 'Номер телефона', '2026-04-21 10:35:35'),
(146, 6, 'Военкомат Жанаозен', 'Паспорт', '2026-04-21 10:35:35'),
(147, 6, 'Военкомат Жанаозен', 'Медкарта', '2026-04-21 10:35:35'),
(148, 6, 'Военкомат Жанаозен', 'Образование', '2026-04-21 10:35:35'),
(149, 6, 'Военкомат Жанаозен', 'Адрес Проживание', '2026-04-21 10:35:35'),
(150, 6, 'Военкомат Жанаозен', 'Номер телефона', '2026-04-21 10:35:35'),
(151, 7, 'Kaspi Bank', 'Паспорт', '2026-04-21 10:35:35'),
(152, 7, 'Kaspi Bank', 'Медкарта', '2026-04-21 10:35:35'),
(153, 7, 'Kaspi Bank', 'Образование', '2026-04-21 10:35:35'),
(154, 7, 'Kaspi Bank', 'Адрес Проживание', '2026-04-21 10:35:35'),
(155, 7, 'Kaspi Bank', 'Номер телефона', '2026-04-21 10:35:35'),
(156, 7, 'eGov', 'Паспорт', '2026-04-21 10:35:35'),
(157, 7, 'eGov', 'Медкарта', '2026-04-21 10:35:35'),
(158, 7, 'eGov', 'Образование', '2026-04-21 10:35:35'),
(159, 7, 'eGov', 'Адрес Проживание', '2026-04-21 10:35:35'),
(160, 7, 'eGov', 'Номер телефона', '2026-04-21 10:35:35'),
(161, 7, 'Поликлиника №2', 'Паспорт', '2026-04-21 10:35:35'),
(162, 7, 'Поликлиника №2', 'Медкарта', '2026-04-21 10:35:35'),
(163, 7, 'Поликлиника №2', 'Образование', '2026-04-21 10:35:35'),
(164, 7, 'Поликлиника №2', 'Адрес Проживание', '2026-04-21 10:35:35'),
(165, 7, 'Поликлиника №2', 'Номер телефона', '2026-04-21 10:35:35'),
(166, 7, 'University Yessenov', 'Паспорт', '2026-04-21 10:35:35'),
(167, 7, 'University Yessenov', 'Медкарта', '2026-04-21 10:35:35'),
(168, 7, 'University Yessenov', 'Образование', '2026-04-21 10:35:35'),
(169, 7, 'University Yessenov', 'Адрес Проживание', '2026-04-21 10:35:35'),
(170, 7, 'University Yessenov', 'Номер телефона', '2026-04-21 10:35:35'),
(171, 7, 'Военкомат Актау', 'Паспорт', '2026-04-21 10:35:35'),
(172, 7, 'Военкомат Актау', 'Медкарта', '2026-04-21 10:35:35'),
(173, 7, 'Военкомат Актау', 'Образование', '2026-04-21 10:35:35'),
(174, 7, 'Военкомат Актау', 'Адрес Проживание', '2026-04-21 10:35:35'),
(175, 7, 'Военкомат Актау', 'Номер телефона', '2026-04-21 10:35:35');

-- --------------------------------------------------------

--
-- Структура таблицы `documents`
--

CREATE TABLE `documents` (
  `id` int NOT NULL,
  `user_id` int DEFAULT NULL,
  `name` varchar(100) COLLATE utf8mb4_general_ci DEFAULT NULL,
  `type` varchar(50) COLLATE utf8mb4_general_ci DEFAULT NULL,
  `status` varchar(20) COLLATE utf8mb4_general_ci DEFAULT 'active'
) ENGINE=InnoDB DEFAULT CHARSET=utf8mb4 COLLATE=utf8mb4_general_ci;

--
-- Дамп данных таблицы `documents`
--

INSERT INTO `documents` (`id`, `user_id`, `name`, `type`, `status`) VALUES
(1, 1, 'Паспорт', 'граждан Республики Казахстан', 'active'),
(2, 1, 'Медкарта', 'Застраховон', 'active'),
(3, 1, 'Образование', 'University Yessenov, Высший диплом, Инженер', 'active'),
(4, 1, 'Адрес проживание', 'Актау, 17 мкр,90 дом 108 кв', 'active'),
(5, 1, 'Ном-тел', '87009009090', 'active'),
(6, 2, 'Паспорт', 'граждан Республики Казахстан', 'active'),
(7, 2, 'Медкарта', 'Застраховон', 'active'),
(8, 2, 'Образование', 'University Yessenov, Высший диплом, Машинист', 'active'),
(9, 2, 'Адрес проживание', 'Жанаозен, 1 мкр 47 дом 14 кв', 'active'),
(10, 2, 'Ном-тел', '87008259858', 'active'),
(11, 3, 'Паспорт', 'граждан Республики Казахстан', 'active'),
(12, 3, 'Медкарта', 'Застраховон', 'active'),
(13, 3, 'Образование', 'University Yessenov, Высший диплом, программист', 'active'),
(14, 3, 'Адрес', 'Бейнеу, Аяй улц, 49 дом', 'active'),
(15, 3, 'Ном-тел', '87009009010', 'active'),
(16, 4, 'Паспорт', 'граждан Республики Казахстан', 'active'),
(17, 4, 'Медкарта', 'Застраховон', 'active'),
(18, 4, 'Образование', 'University Yessenov, Высший диплом, Строитель', 'active'),
(19, 4, 'Адрес проживание', 'Жанаозен, Тенге Батыр улиц, 44 дом', 'active'),
(20, 4, 'Ном-тел', '87779899898', 'active'),
(21, 5, 'Паспорт', 'граждан Республики Казахстан', 'active'),
(22, 5, 'Медкарта', 'Застраховон', 'active'),
(23, 5, 'Образование', 'Jksint College, Дизайнер', 'active'),
(24, 5, 'Адрес проживание', 'Жанаозен, 4мкр 89 дом 58 кв', 'active'),
(25, 5, 'Ном-тел', '87059898898', 'active'),
(26, 6, 'Паспорт', 'граждан Республики Казахстан', 'active'),
(27, 6, 'Медкарта', 'Застраховон', 'active'),
(28, 6, 'Образование', 'University Yessenov, Высший диплом, Дизайнер', 'active'),
(29, 6, 'Адрес проживание', 'Жанаозен, 5 мкр 12 дом 12 кв', 'active'),
(30, 6, 'Ном-тел', '87011001010', 'active'),
(31, 7, 'Паспорт', 'гражданка Республики Казахстан', 'active'),
(32, 7, 'Медкарта', 'Застраховон', 'active'),
(33, 7, 'Образование', 'University Yessenov, Высший диплом, Юрист', 'active'),
(34, 7, 'Адрес проживание', 'Актау, 22 мкр 98 дом 105 кв', 'active'),
(35, 7, 'Ном-тел', '87001011111', 'active');

-- --------------------------------------------------------

--
-- Структура таблицы `permissions`
--

CREATE TABLE `permissions` (
  `id` int NOT NULL,
  `user_id` int DEFAULT NULL,
  `organization_name` varchar(100) COLLATE utf8mb4_general_ci DEFAULT NULL,
  `status` varchar(20) COLLATE utf8mb4_general_ci DEFAULT 'active'
) ENGINE=InnoDB DEFAULT CHARSET=utf8mb4 COLLATE=utf8mb4_general_ci;

--
-- Дамп данных таблицы `permissions`
--

INSERT INTO `permissions` (`id`, `user_id`, `organization_name`, `status`) VALUES
(1, 1, 'Kaspi Bank', 'active'),
(2, 1, 'eGov', 'active'),
(3, 1, 'Поликлиника №7', 'limited'),
(4, 1, 'University Yessenov', 'active'),
(5, 1, 'Военкомат Актау', 'active'),
(6, 2, 'Kaspi Bank', 'active'),
(7, 2, 'eGov', 'active'),
(8, 2, 'Поликлиника №9', 'limited'),
(9, 2, 'University Yessenov', 'active'),
(10, 2, 'Военкомат Жанаозен', 'active'),
(11, 3, 'Kaspi Bank', 'active'),
(12, 3, 'eGov', 'active'),
(13, 3, 'Поликлиника №11', 'limited'),
(14, 3, 'University Yessenov', 'active'),
(15, 3, 'Военкомат Бейнеу', 'active'),
(16, 4, 'Kaspi Bank', 'active'),
(17, 4, 'eGov', 'active'),
(18, 4, 'Поликлиника №17', 'limited'),
(19, 4, 'JKSINT', 'active'),
(20, 4, 'Военкомат Жанаозен', 'active'),
(21, 5, 'Kaspi Bank', 'active'),
(22, 5, 'eGov', 'active'),
(23, 5, 'Поликлиника №27', 'limited'),
(24, 5, 'JKSINT', 'active'),
(25, 5, 'Военкомат Жанаозен', 'active'),
(26, 6, 'Kaspi Bank', 'active'),
(27, 6, 'eGov', 'active'),
(28, 6, 'Поликлиника №1', 'limited'),
(29, 6, 'University Yessenov', 'active'),
(30, 6, 'Военкомат Жанаозен', 'limited'),
(31, 7, 'Kaspi Bank', 'active'),
(32, 7, 'eGov', 'active'),
(33, 7, 'Поликлиника №2', 'limited'),
(34, 7, 'University Yessenov', 'active'),
(35, 7, 'Военкомат Актау', 'active');

-- --------------------------------------------------------

--
-- Структура таблицы `users`
--

CREATE TABLE `users` (
  `id` int NOT NULL,
  `iin` varchar(20) COLLATE utf8mb4_general_ci DEFAULT NULL,
  `name` varchar(100) COLLATE utf8mb4_general_ci DEFAULT NULL,
  `score` int DEFAULT '100'
) ENGINE=InnoDB DEFAULT CHARSET=utf8mb4 COLLATE=utf8mb4_general_ci;

--
-- Дамп данных таблицы `users`
--

INSERT INTO `users` (`id`, `iin`, `name`, `score`) VALUES
(1, '070505050505', 'Али Алиев', 100),
(2, '070589059555', 'Серик Серивок', 100),
(3, '079589559557', 'Назир Назиров', 100),
(4, '075589459565', 'Андрей Андреив', 100),
(5, '059781546787', 'Гуша Гушаев', 100),
(6, '491676187167', 'Арман Арманов', 100),
(7, '070081567641', 'Лейла Андреиова', 100);

--
-- Индексы сохранённых таблиц
--

--
-- Индексы таблицы `access_logs`
--
ALTER TABLE `access_logs`
  ADD PRIMARY KEY (`id`);

--
-- Индексы таблицы `documents`
--
ALTER TABLE `documents`
  ADD PRIMARY KEY (`id`);

--
-- Индексы таблицы `permissions`
--
ALTER TABLE `permissions`
  ADD PRIMARY KEY (`id`);

--
-- Индексы таблицы `users`
--
ALTER TABLE `users`
  ADD PRIMARY KEY (`id`),
  ADD UNIQUE KEY `iin` (`iin`);

--
-- AUTO_INCREMENT для сохранённых таблиц
--

--
-- AUTO_INCREMENT для таблицы `access_logs`
--
ALTER TABLE `access_logs`
  MODIFY `id` int NOT NULL AUTO_INCREMENT, AUTO_INCREMENT=276;

--
-- AUTO_INCREMENT для таблицы `documents`
--
ALTER TABLE `documents`
  MODIFY `id` int NOT NULL AUTO_INCREMENT, AUTO_INCREMENT=56;

--
-- AUTO_INCREMENT для таблицы `permissions`
--
ALTER TABLE `permissions`
  MODIFY `id` int NOT NULL AUTO_INCREMENT, AUTO_INCREMENT=36;

--
-- AUTO_INCREMENT для таблицы `users`
--
ALTER TABLE `users`
  MODIFY `id` int NOT NULL AUTO_INCREMENT, AUTO_INCREMENT=8;
COMMIT;

/*!40101 SET CHARACTER_SET_CLIENT=@OLD_CHARACTER_SET_CLIENT */;
/*!40101 SET CHARACTER_SET_RESULTS=@OLD_CHARACTER_SET_RESULTS */;
/*!40101 SET COLLATION_CONNECTION=@OLD_COLLATION_CONNECTION */;
